{
    "type": "naf_agent",

    "update_mode": {
        "unit": "timesteps",
        "batch_size": 64,
        "frequency": 4
    },
    "memory": {
        "type": "replay",
        "capacity": 10000,
        "include_next_states": true
    },

    "optimizer": {
      "type": "adam",
      "learning_rate": 1e-3
    },

    "discount": 0.99,
    "entropy_regularization": null,
    "double_q_model": true,

    "target_sync_frequency": 1000,
    "target_update_weight": 1.0,

    "actions_exploration": {
        "type": "ornstein_uhlenbeck",
        "sigma": 0.2,
        "mu": 0.0,
        "theta": 0.15
    },

    "saver": {
        "directory": null,
        "seconds": 600
    },
    "summarizer": {
        "directory": null,
        "labels": [],
        "seconds": 120
    }
}
